"tweet_id","in_reply_to_status_id","in_reply_to_user_id","retweeted_status_id","retweeted_status_user_id","timestamp","source","text","expanded_urls"
"131217105059184640","131215999574872064","14805097","","","2011-11-01 03:52:50 +0000","<a href=""http://tapbots.com/tweetbot"" rel=""nofollow"">Tweetbot for iOS</a>","@drewwilson LOL wow. Unbelievable That people do things like this and think they can get away with it"
"131101261146763264","131100855586926592","12534","","","2011-10-31 20:12:31 +0000","<a href=""http://itunes.apple.com/us/app/twitter/id409789998?mt=12"" rel=""nofollow"">Twitter for Mac</a>","@beep you're so smart in your brain parts."
"131100439000256513","","","131086950273789952","9655342","2011-10-31 20:09:15 +0000","<a href=""http://itunes.apple.com/us/app/twitter/id409789998?mt=12"" rel=""nofollow"">Twitter for Mac</a>","RT @anna_debenham: Is anyone dressed as IE6 this year? I'd be scared."
"131063112257384450","131062989112606720","59964826","","","2011-10-31 17:40:55 +0000","<a href=""http://itunes.apple.com/us/app/twitter/id409789998?mt=12"" rel=""nofollow"">Twitter for Mac</a>","@jackienuxoll Hi there. How are you doing on this lovely morning?"
"130781816360669184","","","130719375803162624","15736190","2011-10-30 23:03:09 +0000","<a href=""http://tapbots.com/tweetbot"" rel=""nofollow"">Tweetbot for iOS</a>","RT @smashingmag: Boomerang for Gmail: schedule an email to be sent later and easy email reminders - http://t.co/HvrAyLfo","http://bit.ly/huvGpF"
"130653530754269184","","27454389","","","2011-10-30 14:33:23 +0000","<a href=""http://tapbots.com/tweetbot"" rel=""nofollow"">Tweetbot for iOS</a>","@rlanda - Making a process visible makes a practice reflectable. http://t.co/QaWiDh57 via @johnmaeda)","http://risd.cc/sAAiy6"
"130653134690320384","","","130620793393655808","5905672","2011-10-30 14:31:49 +0000","<a href=""http://tapbots.com/tweetbot"" rel=""nofollow"">Tweetbot for iOS</a>","RT @danbenjamin: Thanks to @marcoarment I have an Aeropress now, but I'm still looking forward to Starbucks K-Cups coming next month - h ..."
"130497717913919488","130497169181511681","369000136","","","2011-10-30 04:14:15 +0000","<a href=""http://tapbots.com/tweetbot"" rel=""nofollow"">Tweetbot for iOS</a>","@HGPphotography ah interesting. Can you DM me the lenses you still have and asking price, if you don't mind?

My collection is still growing"
"130496281301876737","","","","","2011-10-30 04:08:32 +0000","<a href=""http://tapbots.com/tweetbot"" rel=""nofollow"">Tweetbot for iOS</a>","Didn't have Internet all day, which severely affected the work I wanted to get done.

Thankful that I have power though. #notallbad"
"130496012446998528","","","130434329573732352","90484508","2011-10-30 04:07:28 +0000","<a href=""http://tapbots.com/tweetbot"" rel=""nofollow"">Tweetbot for iOS</a>","RT @GovChristie: There are over 500k w/o power in NJ so please be patient with power outages. This will not be fixed in a couple hours."
"130495829931855873","130490353596891137","369000136","","","2011-10-30 04:06:45 +0000","<a href=""http://tapbots.com/tweetbot"" rel=""nofollow"">Tweetbot for iOS</a>","@HGPphotography upgrading your equipment? 

What lenses? I'm looking into a 70-200 is ii"
"130353509357981696","","89587925","","","2011-10-29 18:41:13 +0000","<a href=""http://tapbots.com/tweetbot"" rel=""nofollow"">Tweetbot for iOS</a>","@comcast Internet just died in upper Montclair - seems like phone service for some local businesses have gone out as well"
"130351145943187456","","","","","2011-10-29 18:31:49 +0000","<a href=""http://tapbots.com/tweetbot"" rel=""nofollow"">Tweetbot for iOS</a>","iPhone 4S battery life problems: bug in location services suspected http://t.co/zJguRcIt (via @imjustcreative)  / @sirocc0","http://j.mp/sSw8Fi"
"130350906049953792","130303607034757122","19741430","","","2011-10-29 18:30:52 +0000","<a href=""http://tapbots.com/tweetbot"" rel=""nofollow"">Tweetbot for iOS</a>","@Chelsey_Homan take a look at the @abookapart series - mobile first & responsive design

Incredible help if u r starting out w/ responsive"
"130349743577640961","","","","","2011-10-29 18:26:15 +0000","<a href=""http://tapbots.com/tweetbot"" rel=""nofollow"">Tweetbot for iOS</a>","This maybe one of the most disingenuous things I have ever read http://t.co/sGymSTcE (via @alpesh_shah)","http://j.mp/qz1L23"
"130349121004503042","","","130341948849528834","12741","2011-10-29 18:23:46 +0000","<a href=""http://tapbots.com/tweetbot"" rel=""nofollow"">Tweetbot for iOS</a>","RT @danrubin: Siri is awesome: I ask her to type a ""smiley face"" and out pops :-)"
"130349010086150144","","","130344707577483264","19643599","2011-10-29 18:23:20 +0000","<a href=""http://tapbots.com/tweetbot"" rel=""nofollow"">Tweetbot for iOS</a>","RT @BorrowLenses: Canon's booth looks reminiscent of our office. http://t.co/uCXngmGV","http://twitter.com/BorrowLenses/status/130344707577483264/photo/1"
"130348913621344256","","","","","2011-10-29 18:22:57 +0000","<a href=""http://tapbots.com/tweetbot"" rel=""nofollow"">Tweetbot for iOS</a>","iPhone Photographers: Hipstamatic & Instagram Prints Transformed Into Gallery Quality Art http://t.co/7u6f1Pcf via @photoble","http://www.photoble.com/iphone-2/iphone-photographers-hipstamatic-instagram-prints-transformed-into-gallery-quality-art"
"130050447045181440","","","130018813667311617","13811562","2011-10-28 22:36:57 +0000","<a href=""http://tapbots.com/tweetbot"" rel=""nofollow"">Tweetbot for iOS</a>","RT @sazzy: The ""brand equity"" director of @moleskine has issued a statement retracting the commercial use of logos entered in the contes ..."
"129654859896078336","","","129653098326138880","379970012","2011-10-27 20:25:02 +0000","<a href=""http://itunes.apple.com/us/app/twitter/id409789998?mt=12"" rel=""nofollow"">Twitter for Mac</a>","RT @AileenAtkins: We just added a new contact form directly on our Facebook Fan page. Take a look, and while you're there, click like!

 ..."
"129621755743584258","","","129621551678107649","379970012","2011-10-27 18:13:29 +0000","<a href=""http://itunes.apple.com/us/app/twitter/id409789998?mt=12"" rel=""nofollow"">Twitter for Mac</a>","RT @AileenAtkins: Anyone out there use @ShootQ? Thoughts, comments?

Trying to see if it is worth the cost for a brand new wedding & eve ..."
"129575647378026499","","","","","2011-10-27 15:10:16 +0000","<a href=""http://itunes.apple.com/us/app/twitter/id409789998?mt=12"" rel=""nofollow"">Twitter for Mac</a>","Canonistas attending @PhotoPlusExpo -- you can put your hands on the 1D X at the Canon booth. This is not vaporware - via syl_arena"
"129528600281096192","129440619536982016","117577103","","","2011-10-27 12:03:19 +0000","<a href=""http://tapbots.com/tweetbot"" rel=""nofollow"">Tweetbot for iOS</a>","@cerulean226 @olaolusoga mmm not sure  - student ticks were 100 when I got them. Gets you a 2 day full conference pass"
"129421348526239744","","","129391375782383616","2521001","2011-10-27 04:57:08 +0000","<a href=""http://tapbots.com/tweetbot"" rel=""nofollow"">Tweetbot for iOS</a>","RT @Photojojo: Happy Diwali! If you've seen that NASA photo of India's lights at night, here's the background on it: http://t.co/nYWY4eKn","http://j.mp/tINegT"
"129293396698337281","","","","","2011-10-26 20:28:42 +0000","<a href=""http://itunes.apple.com/us/app/twitter/id409789998?mt=12"" rel=""nofollow"">Twitter for Mac</a>","Glossi - http://t.co/4jtQTxW1","http://www.glos.si/manikrathee"
"129244983063617536","","117577103","","","2011-10-26 17:16:19 +0000","<a href=""http://itunes.apple.com/us/app/twitter/id409789998?mt=12"" rel=""nofollow"">Twitter for Mac</a>","@cerulean226 You still working in the city? @olaolusoga and me will be at FOWD in manhattan nov 7 & 8"
"129233676289576960","","","","","2011-10-26 16:31:24 +0000","<a href=""http://itunes.apple.com/us/app/twitter/id409789998?mt=12"" rel=""nofollow"">Twitter for Mac</a>","New photos from last night: Shrooti's Sangeet - http://t.co/ZyK4ZXbg","http://cl.ly/1D1g1b0W3W110l1H3u3L"
"129221634279211008","129220007589711872","43124727","","","2011-10-26 15:43:33 +0000","<a href=""http://itunes.apple.com/us/app/twitter/id409789998?mt=12"" rel=""nofollow"">Twitter for Mac</a>","@ChrisBPhoto Definitely - we ( @aileenatkins ) have been following her work ever since her fantastic creativelive class / cc @jasminestar"
"129218642922582016","129217303035392000","43124727","","","2011-10-26 15:31:39 +0000","<a href=""http://itunes.apple.com/us/app/twitter/id409789998?mt=12"" rel=""nofollow"">Twitter for Mac</a>","@ChrisBPhoto @jasminestar  I wish I was able to go to PPE - would love to meet Jasmine."
"129217428050804736","","","","","2011-10-26 15:26:50 +0000","<a href=""http://itunes.apple.com/us/app/twitter/id409789998?mt=12"" rel=""nofollow"">Twitter for Mac</a>","Helmet cam footage from Detroit Firefighter - http://t.co/qowPPOCP","http://www.popphoto.com/news/2011/10/incredible-helmet-cam-footage-detroit-firefighters"
"129197510366466048","","","","","2011-10-26 14:07:41 +0000","<a href=""http://itunes.apple.com/us/app/twitter/id409789998?mt=12"" rel=""nofollow"">Twitter for Mac</a>","Subtle UI Design updated in iOS5 - http://t.co/E6aWf1m7","http://usersillusions.com/post/11948201269/apple-has-made-some-very-subtle-updates-to-the"
"129188101661802496","","","129172960912220160","21161394","2011-10-26 13:30:18 +0000","<a href=""http://itunes.apple.com/us/app/twitter/id409789998?mt=12"" rel=""nofollow"">Twitter for Mac</a>","RT @sknapstein: Set your life on fire. Seek those who fan your flames. - Rumi."
"129185514891907073","","","129160813226377216","188844665","2011-10-26 13:20:01 +0000","<a href=""http://itunes.apple.com/us/app/twitter/id409789998?mt=12"" rel=""nofollow"">Twitter for Mac</a>","RT @Fab: Wishing a happy Diwali to all my friends of all beliefs and backgrounds around the world!"
"129185177388855296","","","129184827424514048","14410605","2011-10-26 13:18:41 +0000","<a href=""http://itunes.apple.com/us/app/twitter/id409789998?mt=12"" rel=""nofollow"">Twitter for Mac</a>","RT @wizwow: Spending more than 5 minutes taking photographs in Washington DC is a reason for the cops to arrest you. Really. http://t.co ..."
"129061979808739328","","","","","2011-10-26 05:09:08 +0000","<a href=""http://itunes.apple.com/us/app/twitter/id409789998?mt=12"" rel=""nofollow"">Twitter for Mac</a>","New on the blog, Shrooti's #Sangeet / http://t.co/2mbEbVjQ - #njwedding #photography #indian #ladysangeet","http://www.manikratheephotography.com/2011/10/26/shrootis-sangeet/"
"129047028411019264","","","","","2011-10-26 04:09:43 +0000","<a href=""http://itunes.apple.com/us/app/twitter/id409789998?mt=12"" rel=""nofollow"">Twitter for Mac</a>","Absolutely LOVING @Animoto / @AnimotoPro 's new interface. Great look for a great product."
"129037728980541441","","","129036757005115392","684983","2011-10-26 03:32:46 +0000","<a href=""http://itunes.apple.com/us/app/twitter/id409789998?mt=12"" rel=""nofollow"">Twitter for Mac</a>","RT @mediatemple: Reminder: timthumb.php is still a security risk. Double check to see if you're using it. http://t.co/6PHzS501 ^SC","http://buzz.mw/_08ZuV"
"129035434297790464","","89587925","","","2011-10-26 03:23:39 +0000","<a href=""http://itunes.apple.com/us/app/twitter/id409789998?mt=12"" rel=""nofollow"">Twitter for Mac</a>","@comcast Take a look at my username and see if it looks familiar. From..say? 20 minutes ago.

-.-"
"129033957936345088","","","","","2011-10-26 03:17:47 +0000","<a href=""http://itunes.apple.com/us/app/twitter/id409789998?mt=12"" rel=""nofollow"">Twitter for Mac</a>","God. @Comcast seriously amazes me with their god awful tech support each and every day."
"128937430098259968","","","","","2011-10-25 20:54:13 +0000","<a href=""http://itunes.apple.com/us/app/twitter/id409789998?mt=12"" rel=""nofollow"">Twitter for Mac</a>","Today's a good day for some photos: http://t.co/GR5LnJGP","http://www.manikratheephotography.com/"
"128937229711183872","","117577103","","","2011-10-25 20:53:25 +0000","<a href=""http://itunes.apple.com/us/app/twitter/id409789998?mt=12"" rel=""nofollow"">Twitter for Mac</a>","@cerulean226 You're spamming."
"128916310389309441","128915693449125890","130317670","","","2011-10-25 19:30:18 +0000","web","@MrsGuided what happened?"
"128912406222082049","128912213544140800","325762121","","","2011-10-25 19:14:47 +0000","<a href=""http://itunes.apple.com/us/app/twitter/id409789998?mt=12"" rel=""nofollow"">Twitter for Mac</a>","@DalesHamperCo Ah, nice. Photos?"
"128911079886696449","","","","","2011-10-25 19:09:31 +0000","<a href=""http://itunes.apple.com/us/app/twitter/id409789998?mt=12"" rel=""nofollow"">Twitter for Mac</a>","Think you don't need to focus? Think again / http://t.co/3DWjNhlT","https://plus.google.com/118337203025285830553/posts/Wh3b1Gqa6yg"
"128910675891326976","","","","","2011-10-25 19:07:54 +0000","<a href=""http://itunes.apple.com/us/app/twitter/id409789998?mt=12"" rel=""nofollow"">Twitter for Mac</a>","Wow, talk about transparent. @TrelloApp shares their development board & progress on new features: http://t.co/P2ENbnOM

** learn from this.","https://trello.com/board/trello-development/4d5ea62fd76aa1136000000c"
"128909978105950208","","","","","2011-10-25 19:05:08 +0000","<a href=""http://itunes.apple.com/us/app/twitter/id409789998?mt=12"" rel=""nofollow"">Twitter for Mac</a>","Black Wedding Gowns, from the Runway to the Aisle - http://t.co/9fmqPfPh","http://www.nytimes.com/2011/10/27/fashion/black-wedding-gowns-from-the-runway-to-the-aisle.html?_r=2&adxnnl=1&adxnnlx=1319569466-ZHfLeBVUn9iAA1Hioxi70w"
"128889950430167042","","","","","2011-10-25 17:45:33 +0000","<a href=""http://itunes.apple.com/us/app/twitter/id409789998?mt=12"" rel=""nofollow"">Twitter for Mac</a>","Great explanation of the Apple's iPhone 4s webpage animations: http://t.co/xCc8nahp","http://johnbhall.com/iphone-4s/"
"128867369467658242","128865119949168640","223518070","","","2011-10-25 16:15:49 +0000","<a href=""http://itunes.apple.com/us/app/twitter/id409789998?mt=12"" rel=""nofollow"">Twitter for Mac</a>","@pushing_beauty If I wasn't renting, I would spring for the pre-order now. I love supporting great design like this."
"128862776599904257","","","","","2011-10-25 15:57:34 +0000","<a href=""http://itunes.apple.com/us/app/twitter/id409789998?mt=12"" rel=""nofollow"">Twitter for Mac</a>","Honestly, this is a gorgeous design. 

Nest - learning thermostat.

http://t.co/74B75o2r","http://www.nest.com/"
"128848591048548353","","","","","2011-10-25 15:01:12 +0000","<a href=""http://itunes.apple.com/us/app/twitter/id409789998?mt=12"" rel=""nofollow"">Twitter for Mac</a>","DO NOT MISS: @lukew's notes from @karenmcgrane's extraordinary An Event Apart talk: http://t.co/LanmDOqg  #contentstrategy - via halvorson","http://j.mp/vykR7t"
"128472295407751169","","","128470331286491136","12534","2011-10-24 14:05:56 +0000","<a href=""http://itunes.apple.com/us/app/twitter/id409789998?mt=12"" rel=""nofollow"">Twitter for Mac</a>","RT @beep: @aneventapart

Killer question at #AEA: how do you convince clients to move past outdated models for the web?

@zeldman: ?Teac ..."
"127951663972618240","","","","","2011-10-23 03:37:08 +0000","<a href=""http://tapbots.com/tweetbot"" rel=""nofollow"">Tweetbot for iOS</a>","1 wedding down and another tomorrow in Brooklyn. Should be a fun day!"
"127901698697076737","","95064358","","","2011-10-23 00:18:35 +0000","<a href=""http://itunes.apple.com/us/app/twitter/id409789998?mt=12"" rel=""nofollow"">Twitter for Mac</a>","@forrst - For a site that claims not to be anything like @dribbble, you seem to unveil a lot of features weeks after dribbble debuts them."
"127840306468106240","","","","","2011-10-22 20:14:38 +0000","<a href=""http://tapbots.com/tweetbot"" rel=""nofollow"">Tweetbot for iOS</a>","Shooting a reception @ The Fairmont http://t.co/JxXtuDKO","http://cl.ly/1p0M31420H112m340015"
"127840212440203264","","","","","2011-10-22 20:14:16 +0000","<a href=""http://tapbots.com/tweetbot"" rel=""nofollow"">Tweetbot for iOS</a>","Shooting a reception at the Fairmont  @ The Fairmont http://t.co/TEHOZ1fb (via @mrathee)","http://cl.ly/2C34371u1V0m1L1a1E1R"
"127770550473986049","","","","","2011-10-22 15:37:27 +0000","<a href=""http://tapbots.com/tweetbot"" rel=""nofollow"">Tweetbot for iOS</a>","Great morning for a #photoshoot. 

 #sky #clouds #nofilter #iphone  @ Montclair, NJ 

http://t.co/jIpTf8Ai","http://cl.ly/1R2S3a350Z2I3T0Z0X1X"
"127430532995883008","127430229030481920","25336465","","","2011-10-21 17:06:21 +0000","<a href=""http://itunes.apple.com/us/app/twitter/id409789998?mt=12"" rel=""nofollow"">Twitter for Mac</a>","@Gretchen_Carney @theknot certainly is unique!"
"127429816545845248","127429535921741824","25336465","","","2011-10-21 17:03:30 +0000","<a href=""http://itunes.apple.com/us/app/twitter/id409789998?mt=12"" rel=""nofollow"">Twitter for Mac</a>","@Gretchen_Carney @theknot Some - not all. Really trying to just gather all the great input we can find - like the videos you posted earlier"
"127409700852604928","","","","","2011-10-21 15:43:34 +0000","<a href=""http://itunes.apple.com/us/app/twitter/id409789998?mt=12"" rel=""nofollow"">Twitter for Mac</a>","""Saddened to see @moleskine asking for spec work,won't be purchasing any more, way to piss off your demographic http://t.co/hooiZqva""-@sazzy","http://antispec.com/hq/moleskine"
"127408351012339712","127408108724158464","225261033","","","2011-10-21 15:38:12 +0000","<a href=""http://itunes.apple.com/us/app/twitter/id409789998?mt=12"" rel=""nofollow"">Twitter for Mac</a>","@olaolusoga that would be awesome - definitely demand for that type of stuff"
"127406788395024385","127406636695420930","225261033","","","2011-10-21 15:32:00 +0000","<a href=""http://itunes.apple.com/us/app/twitter/id409789998?mt=12"" rel=""nofollow"">Twitter for Mac</a>","@olaolusoga Agreed. not enough time in the day. Had to ditch regular freelancing to launch my photo business bc I couldn't manage both."
"127404985758650369","127404841445232640","183083200","","","2011-10-21 15:24:50 +0000","<a href=""http://itunes.apple.com/us/app/twitter/id409789998?mt=12"" rel=""nofollow"">Twitter for Mac</a>","@thatguytweeted DM'd"
"127404851985522689","127404682812473345","225261033","","","2011-10-21 15:24:18 +0000","<a href=""http://itunes.apple.com/us/app/twitter/id409789998?mt=12"" rel=""nofollow"">Twitter for Mac</a>","@olaolusoga lol yea, i want to do too many things. its good nd bad at the same time.

and yes. i don't sleep too much lol."
"127404062848200704","127403546479042560","225261033","","","2011-10-21 15:21:10 +0000","<a href=""http://itunes.apple.com/us/app/twitter/id409789998?mt=12"" rel=""nofollow"">Twitter for Mac</a>","@olaolusoga haha why's that?"
"127399504864489472","127399422723231745","183083200","","","2011-10-21 15:03:03 +0000","<a href=""http://itunes.apple.com/us/app/twitter/id409789998?mt=12"" rel=""nofollow"">Twitter for Mac</a>","@thatguytweeted screenshot?"
"127399442742648832","127399214736080896","183083200","","","2011-10-21 15:02:48 +0000","<a href=""http://itunes.apple.com/us/app/twitter/id409789998?mt=12"" rel=""nofollow"">Twitter for Mac</a>","@thatguytweeted haha - don't feel bad. We still have to test for ie7 when we design new CMS for massive international companies. Absurd."
"127399212232085504","127397469943369728","183083200","","","2011-10-21 15:01:53 +0000","<a href=""http://itunes.apple.com/us/app/twitter/id409789998?mt=12"" rel=""nofollow"">Twitter for Mac</a>","@thatguytweeted Also, which website?"
"127398697632935936","127397469943369728","183083200","","","2011-10-21 14:59:51 +0000","<a href=""http://itunes.apple.com/us/app/twitter/id409789998?mt=12"" rel=""nofollow"">Twitter for Mac</a>","@thatguytweeted I am not a fan of ie8."
"127393409496383488","","","","","2011-10-21 14:38:50 +0000","<a href=""http://itunes.apple.com/us/app/twitter/id409789998?mt=12"" rel=""nofollow"">Twitter for Mac</a>","Got a second? Head over to http://t.co/l051k1JC and give us a like or +1!","http://www.manikratheephotography.com"
"127390277492150272","","18138971","","","2011-10-21 14:26:23 +0000","<a href=""http://itunes.apple.com/us/app/twitter/id409789998?mt=12"" rel=""nofollow"">Twitter for Mac</a>","@ScottKelby will be announcing the winners from this year's photo walk on his blog at 12pm EDT: http://t.co/mFMx6xGV","http://www.scottkelby.com/blog/2011/archives/22351?utm_source=twitterfeed&utm_medium=twitter"
"127387796309688320","127337704978522114","14593328","","","2011-10-21 14:16:32 +0000","<a href=""http://itunes.apple.com/us/app/twitter/id409789998?mt=12"" rel=""nofollow"">Twitter for Mac</a>","@Mindreaver Unfortunately, we need to wait for an iphone 4s jailbreak before I can continue working on it and testing for ios5."
"127380756371742722","","","127373082217299968","14231571","2011-10-21 13:48:33 +0000","<a href=""http://itunes.apple.com/us/app/twitter/id409789998?mt=12"" rel=""nofollow"">Twitter for Mac</a>","RT @marcoarment: It's sad how much Google Reader dominates the feed-reader market and how little Google seems to care about it."
"127377608924082177","","","","","2011-10-21 13:36:03 +0000","<a href=""http://itunes.apple.com/us/app/twitter/id409789998?mt=12"" rel=""nofollow"">Twitter for Mac</a>","Interesting read - ""How I was arrested at Occupy Wall Street"" - http://t.co/gtAlfrL6","http://occupycyberspace.wordpress.com/2011/10/20/how-i-was-arrested-at-occupy-wall-street/"
"127232856262053890","","","","","2011-10-21 04:00:51 +0000","<a href=""http://tapbots.com/tweetbot"" rel=""nofollow"">Tweetbot for iOS</a>","Lytro Focus-Free Camera: A Hands-On Experience [VIDEOS] - http://t.co/7j7oG8Q0 (via @mashabletech)","http://cl.ly/0s11311A0g2k0P0W1D2x"
"127232696056430592","","","","","2011-10-21 04:00:13 +0000","<a href=""http://tapbots.com/tweetbot"" rel=""nofollow"">Tweetbot for iOS</a>","""You can say I love you in Helvetica. You can even say it in extra-bold if you want to be tense and passionate."""
"127231596037275648","","","","","2011-10-21 03:55:51 +0000","<a href=""http://tapbots.com/tweetbot"" rel=""nofollow"">Tweetbot for iOS</a>","What! Helvetica is on Netflix.


Night. Made."
"127125554720800769","127125213065379840","360831528","","","2011-10-20 20:54:28 +0000","<a href=""http://itunes.apple.com/us/app/twitter/id409789998?mt=12"" rel=""nofollow"">Twitter for Mac</a>","@TrelloApp Agreed - any immediate feedback/modal would be helpful. ATM it seems like nothing happened at all which is the issue."
"127124774567682048","127121669255987201","360831528","","","2011-10-20 20:51:22 +0000","<a href=""http://itunes.apple.com/us/app/twitter/id409789998?mt=12"" rel=""nofollow"">Twitter for Mac</a>","@TrelloApp Scratch that- on 2nd login, both uploads were there. Odd bug.

Chrome, osx lion, shared board on manik@manikratheephotogarphy.com"
"127115331633287169","","360831528","","","2011-10-20 20:13:51 +0000","<a href=""http://itunes.apple.com/us/app/twitter/id409789998?mt=12"" rel=""nofollow"">Twitter for Mac</a>","@TrelloApp Can't seem to upload anything to my boards. I click upload, choose a file, and nothing happens. Tried restart & logging in/out."
"127101833725485056","","","","","2011-10-20 19:20:13 +0000","<a href=""http://itunes.apple.com/us/app/twitter/id409789998?mt=12"" rel=""nofollow"">Twitter for Mac</a>","New shot on @dribbble / Responsive & Fluid CMS / http://t.co/BAwniX6l - via @revsystems","http://dribbble.com/shots/298088-Custom-CMS-Panels"
"127100488813518849","","","","","2011-10-20 19:14:52 +0000","<a href=""http://itunes.apple.com/us/app/twitter/id409789998?mt=12"" rel=""nofollow"">Twitter for Mac</a>","Just checked our custom Admin/CMS Design (fluid & responsive) in IE7.

It works. Flawlessly. Without an ie stylesheet. BOOYAH / @revsystems"
"127059632903565312","","","127059613047721984","379970012","2011-10-20 16:32:31 +0000","<a href=""http://itunes.apple.com/us/app/twitter/id409789998?mt=12"" rel=""nofollow"">Twitter for Mac</a>","RT @AileenAtkins: In case you missed it earlier, we added social stuff to our site!

Take a look: http://t.co/pMMZwLc4","http://www.manikratheephotography.com"
"127029701549096960","","","","","2011-10-20 14:33:35 +0000","<a href=""http://itunes.apple.com/us/app/twitter/id409789998?mt=12"" rel=""nofollow"">Twitter for Mac</a>","How did we function before @Dropbox? It is so critical to my workflow now."
"127029668024025088","","370821546","","","2011-10-20 14:33:27 +0000","<a href=""http://itunes.apple.com/us/app/twitter/id409789998?mt=12"" rel=""nofollow"">Twitter for Mac</a>","@ratheea / Free Seminar Today @ 1pm EDT - Learn Real World Off-Camera Flash w/ Joe Brady- http://t.co/1coOaa9Y - via PocketWizard","http://bit.ly/oBiB0F"
"127015639687761921","","","127014328602861569","60273","2011-10-20 13:37:42 +0000","<a href=""http://itunes.apple.com/us/app/twitter/id409789998?mt=12"" rel=""nofollow"">Twitter for Mac</a>","RT @jasonsantamaria: ""New Decoy Website Launched To Lure Away All Moronic Internet Commenters"": http://t.co/REpG9hS7

Ah, to dream.","http://j.mp/pH9czB"
"127015409491783680","","","","","2011-10-20 13:36:48 +0000","<a href=""http://itunes.apple.com/us/app/twitter/id409789998?mt=12"" rel=""nofollow"">Twitter for Mac</a>","Stunning view of the Aurora Australis taken by the crew of Expedition 29 / http://t.co/3L1wldAW","https://plus.google.com/118337203025285830553/posts/ZqcSqymHRpx"
"126839405821431808","","","","","2011-10-20 01:57:25 +0000","<a href=""http://tapbots.com/tweetbot"" rel=""nofollow"">Tweetbot for iOS</a>","we're super excited about this lytro camera. it's well, amazing: http://t.co/jAxBrcTQ (via @Gizmodo)","http://cl.ly/0e2u2A1Q3x1e2e3j233k"
"126760609151848448","","","","","2011-10-19 20:44:18 +0000","<a href=""http://itunes.apple.com/us/app/twitter/id409789998?mt=12"" rel=""nofollow"">Twitter for Mac</a>","The first Lytro camera: http://t.co/BwKqgynx","https://www.lytro.com/camera"
"126727173175386114","","","126719113476325377","22184271","2011-10-19 18:31:27 +0000","<a href=""http://itunes.apple.com/us/app/twitter/id409789998?mt=12"" rel=""nofollow"">Twitter for Mac</a>","RT @PopPhoto: Here's some more info about Adobe's extremely interesting photo de-blurring technique. http://t.co/lxF7uT8e","http://j.mp/r6nPDc"
"126685518414098432","","","126685337115295744","379970012","2011-10-19 15:45:55 +0000","<a href=""http://itunes.apple.com/us/app/twitter/id409789998?mt=12"" rel=""nofollow"">Twitter for Mac</a>","RT @AileenAtkins: Getting social! Our site now has social icons. 

How bout a quick ""like"" if you think our work deserves it!

http://t. ..."
"126684988254064640","124664689690017793","14381520","","","2011-10-19 15:43:49 +0000","web","@samirbalwani If you need a photographer, feel free to reach out to me. http://t.co/l051k1JC","http://www.manikratheephotography.com"
"126519043258724353","126518851784552449","196799601","","","2011-10-19 04:44:25 +0000","<a href=""http://itunes.apple.com/us/app/twitter/id409789998?mt=12"" rel=""nofollow"">Twitter for Mac</a>","@GeneTorresPhoto I have - great talent up there. 

Tumblr is more casual though. Sort of like a set of diamonds in the rough."
"126517400882524160","","","","","2011-10-19 04:37:53 +0000","<a href=""http://itunes.apple.com/us/app/twitter/id409789998?mt=12"" rel=""nofollow"">Twitter for Mac</a>","Tumblr is a place for great photos. honestly.

http://t.co/lesamQYg http://t.co/9W8rwDyy","http://manikrathee.tumblr.com","http://yfrog.com/hs8mpfg"
"126513820029038592","","","","","2011-10-19 04:23:39 +0000","<a href=""http://itunes.apple.com/us/app/twitter/id409789998?mt=12"" rel=""nofollow"">Twitter for Mac</a>","Awesome comparison from different models of the iphone to Canon 5dmkII

http://t.co/utqmKF2A","https://plus.google.com/118337203025285830553/posts/bQzNd5CU4yp"
"126513762541895680","126508776353304576","14231571","","","2011-10-19 04:23:26 +0000","<a href=""http://itunes.apple.com/us/app/twitter/id409789998?mt=12"" rel=""nofollow"">Twitter for Mac</a>","@marcoarment oh noes!"
"126382331014561792","126382216551997440","98040359","","","2011-10-18 19:41:10 +0000","<a href=""http://itunes.apple.com/us/app/twitter/id409789998?mt=12"" rel=""nofollow"">Twitter for Mac</a>","@dnr_pr @AileenAtkins Montclair, but we shoot all over nj & ny"
"126345790082924544","","","","","2011-10-18 17:15:58 +0000","<a href=""http://itunes.apple.com/us/app/twitter/id409789998?mt=12"" rel=""nofollow"">Twitter for Mac</a>","Win an Evernote Premium account for life from App Sumo: http://t.co/FIoWhA8m","http://appsumo.com/~G7Xu"
"126345661003210753","","","","","2011-10-18 17:15:27 +0000","<a href=""http://itunes.apple.com/us/app/twitter/id409789998?mt=12"" rel=""nofollow"">Twitter for Mac</a>","My collection of @abookapart texts - with Mobile First and Designing for Emotion added today.  @ Montclair, NJ http://t.co/zJXHXWp7","http://instagr.am/p/QmgB6/"
"126339307207266304","","225261033","","","2011-10-18 16:50:12 +0000","<a href=""http://itunes.apple.com/us/app/twitter/id409789998?mt=12"" rel=""nofollow"">Twitter for Mac</a>","@olaolusoga -
http://t.co/3elcNNhJ","http://www.bigspaceship.com/blog/think/what-does-responsive-design-really-mean/"
"126314381901438976","","","","","2011-10-18 15:11:10 +0000","<a href=""http://itunes.apple.com/us/app/twitter/id409789998?mt=12"" rel=""nofollow"">Twitter for Mac</a>","Just placed my order for @aarron & @lukew new @abookapart books."
"126298802272473088","","370821546","","","2011-10-18 14:09:15 +0000","<a href=""http://itunes.apple.com/us/app/twitter/id409789998?mt=12"" rel=""nofollow"">Twitter for Mac</a>","@ratheea Canon 1Dx - http://t.co/0rjooqpz","http://www.digitalcamerainfo.com/News/Canon-Announces-New-Flagship-DSLR-18MP-EOS-1Dx.htm"
"126298097168039937","126297906029404160","14681044","","","2011-10-18 14:06:27 +0000","<a href=""http://itunes.apple.com/us/app/twitter/id409789998?mt=12"" rel=""nofollow"">Twitter for Mac</a>","@ElisaCRice Nikon's AF system is definitely better but I didn't notice anything between ISO performance."
"126296529647583233","","","","","2011-10-18 14:00:13 +0000","<a href=""http://itunes.apple.com/us/app/twitter/id409789998?mt=12"" rel=""nofollow"">Twitter for Mac</a>","Looking forward to today's @abookapart  / @alistapart  releases!"
"126296323459776512","126295843572682752","14681044","","","2011-10-18 13:59:24 +0000","<a href=""http://itunes.apple.com/us/app/twitter/id409789998?mt=12"" rel=""nofollow"">Twitter for Mac</a>","@ElisaCRice Really? I thought the 5dII's ios was still powerful. Just saying 1dx sounds even better."
"126295182512623616","126280603921432576","170326176","","","2011-10-18 13:54:52 +0000","<a href=""http://itunes.apple.com/us/app/twitter/id409789998?mt=12"" rel=""nofollow"">Twitter for Mac</a>","@HutchisonHaines @qwertying it all makes sense now.


? sort of."
"126295119744872448","126294893688655872","14681044","","","2011-10-18 13:54:37 +0000","<a href=""http://itunes.apple.com/us/app/twitter/id409789998?mt=12"" rel=""nofollow"">Twitter for Mac</a>","@ElisaCRice @zarazoo Agreed! that low light ISO performance and the updated AF system sounds amazing"
"126279182010417153","","","","","2011-10-18 12:51:17 +0000","<a href=""http://tapbots.com/tweetbot"" rel=""nofollow"">Tweetbot for iOS</a>","?@zarazoo: New #Canon #1Dx #DSLR launched!!!  Retail launch - March 2012.  Looks like it will be about R60k http://t.co/X9zZuWKv?","http://cl.ly/0E19013d1s082j0S3U03"
"126277296964382720","","","","","2011-10-18 12:43:48 +0000","<a href=""http://tapbots.com/tweetbot"" rel=""nofollow"">Tweetbot for iOS</a>","?@qwertying: I just read last year 4,153,237 ppl got married. I don't want to start any trouble, but shouldn't that be an even number??"
"126017500042371072","126017168524582913","21271500","","","2011-10-17 19:31:27 +0000","<a href=""http://itunes.apple.com/us/app/twitter/id409789998?mt=12"" rel=""nofollow"">Twitter for Mac</a>","@advertisingweek How about a university's art program? / cc @rlanda 

Get an alternate perspective."
"126002217223323649","","","","","2011-10-17 18:30:44 +0000","<a href=""http://itunes.apple.com/us/app/twitter/id409789998?mt=12"" rel=""nofollow"">Twitter for Mac</a>","I have now reached forward and touched my laptop screen 4 times to dismiss a notification."
"125998950997172224","","","125997586816573442","18638800","2011-10-17 18:17:45 +0000","<a href=""http://itunes.apple.com/us/app/twitter/id409789998?mt=12"" rel=""nofollow"">Twitter for Mac</a>","RT @jessicahische: Rackspace should really pay me to crash people's websites with twitter and then recommend their hosting"
"125998874472091648","","","125997134750289920","12534","2011-10-17 18:17:27 +0000","<a href=""http://itunes.apple.com/us/app/twitter/id409789998?mt=12"" rel=""nofollow"">Twitter for Mac</a>","RT @beep: ?Your call is very important to us, though we?ll do our best to disprove that over the next fifty-nine minutes of soul-crushin ..."
"125992729665732610","","","","","2011-10-17 17:53:02 +0000","<a href=""http://itunes.apple.com/us/app/twitter/id409789998?mt=12"" rel=""nofollow"">Twitter for Mac</a>","The new @instapaper icon.

Damn.


http://t.co/Oi9qT1Vo","http://cl.ly/2v3Y0f1t3O2a0p27291E"
"125961588602712064","","","","","2011-10-17 15:49:17 +0000","<a href=""http://itunes.apple.com/us/app/twitter/id409789998?mt=12"" rel=""nofollow"">Twitter for Mac</a>","From the archive, Jaclyn & Donovan, a Pt. Pleasant wedding: http://t.co/GI7b3p6Y","http://www.manikratheephotography.com/2011/10/01/jaclyn-donovan/"
"125961458654777346","","","125961425515589632","379970012","2011-10-17 15:48:46 +0000","<a href=""http://itunes.apple.com/us/app/twitter/id409789998?mt=12"" rel=""nofollow"">Twitter for Mac</a>","RT @AileenAtkins: We added a few pics from our @ScottKelby Photo Walk to our facebook page. Take a look!

http://t.co/RM3kbBFY","http://www.facebook.com/manikratheephotography"
"125952104014684162","","","125948086123110400","29452677","2011-10-17 15:11:36 +0000","<a href=""http://itunes.apple.com/us/app/twitter/id409789998?mt=12"" rel=""nofollow"">Twitter for Mac</a>","RT @fstoppers: Side by side Comparison of iPhone's 4S & Canon 5D Mark II's Video http://t.co/UXxQ50s1","http://fstoppers.com/?p=14692"
"125952032745074688","","","125067136870785025","14917001","2011-10-17 15:11:19 +0000","<a href=""http://itunes.apple.com/us/app/twitter/id409789998?mt=12"" rel=""nofollow"">Twitter for Mac</a>","RT @nicksuan: iPhone Fanboy: ""I love my phone.""
Android Fanboy: ""I hate your phone."""
"125948324292468737","","","125939943783673857","799212","2011-10-17 14:56:35 +0000","<a href=""http://itunes.apple.com/us/app/twitter/id409789998?mt=12"" rel=""nofollow"">Twitter for Mac</a>","RT @danielmall: New blog post: What I Loved About @brooklynbeta: http://t.co/brUdMWK2 /cc @FictiveCameron @shiflett","http://danielmall.com/articles/brooklyn-beta-2011/"
"125948203681062912","","","125941095531167745","17090569","2011-10-17 14:56:06 +0000","<a href=""http://itunes.apple.com/us/app/twitter/id409789998?mt=12"" rel=""nofollow"">Twitter for Mac</a>","RT @PaulAdamDavis: Damn. That @marcoarment has made me want an iPad even more with Instapaper 4. http://t.co/igdnFRXN","http://www.marco.org/2011/10/17/instapaper-4-released"
"125741759132213248","125281624974819328","188844665","","","2011-10-17 01:15:46 +0000","<a href=""http://tapbots.com/tweetbot"" rel=""nofollow"">Tweetbot for iOS</a>","@Fab any update?"
"125721467764744192","","","","","2011-10-16 23:55:08 +0000","<a href=""http://itunes.apple.com/us/app/twitter/id409789998?mt=12"" rel=""nofollow"">Twitter for Mac</a>","The new BMW i8 electric car concept is gorgeous.

http://t.co/vnsyOFmh","http://www.bmw-i-usa.com/en_us/bmw-i8/"
"125712631070867456","125657113283407872","17050035","","","2011-10-16 23:20:01 +0000","<a href=""http://itunes.apple.com/us/app/twitter/id409789998?mt=12"" rel=""nofollow"">Twitter for Mac</a>","@andreipopovici Thanks for the input - definitely saved me a lot of hassle."
"125712587068407809","125657113283407872","17050035","","","2011-10-16 23:19:51 +0000","<a href=""http://itunes.apple.com/us/app/twitter/id409789998?mt=12"" rel=""nofollow"">Twitter for Mac</a>","@andreipopovici Actually - I had forgotten about the error console - fixed some other errors with dead links and it started working."
"125625502907113472","","","","","2011-10-16 17:33:48 +0000","<a href=""http://itunes.apple.com/us/app/twitter/id409789998?mt=12"" rel=""nofollow"">Twitter for Mac</a>","Anyone have experience setting up FitText js on their site? Have been unsuccessful for an hour and could use a second set of eyes."
"125589434501570560","","","125544026417008640","15736190","2011-10-16 15:10:29 +0000","<a href=""http://tapbots.com/tweetbot"" rel=""nofollow"">Tweetbot for iOS</a>","RT @smashingmag: Sticky: simple JavaScript HTML5 browser storage cache - http://t.co/G4AD0P8b","http://bit.ly/nR4UNI"
"125461579457236992","","","","","2011-10-16 06:42:26 +0000","<a href=""http://www.apple.com"" rel=""nofollow"">Safari on iOS</a>","50+ fun things to say to Siri http://t.co/Mb5AKVJE","http://appmodo.com/57164/fun-things-to-ask-siri/"
"125339098608189440","125338812984467457","122968261","","","2011-10-15 22:35:44 +0000","<a href=""http://itunes.apple.com/us/app/twitter/id409789998?mt=12"" rel=""nofollow"">Twitter for Mac</a>","@SoNJOfficiant If you know of anyone looking in the tri-state area, feel free to send them our way ;)"
"125339034670219264","125338812984467457","122968261","","","2011-10-15 22:35:29 +0000","<a href=""http://itunes.apple.com/us/app/twitter/id409789998?mt=12"" rel=""nofollow"">Twitter for Mac</a>","@SoNJOfficiant Mixed - I operate out of Montclair but have shot from pt. pleasant out to Brooklyn and NY. Even some in PA."
"125334945030868992","125332690693132288","12830","","","2011-10-15 22:19:14 +0000","<a href=""http://itunes.apple.com/us/app/twitter/id409789998?mt=12"" rel=""nofollow"">Twitter for Mac</a>","@boagworld I was thinking the same thing. Safety? 

or something.."
"125305453486948352","","","","","2011-10-15 20:22:02 +0000","<a href=""http://tapbots.com/tweetbot"" rel=""nofollow"">Tweetbot for iOS</a>","Bored? You can always head over to facebook and take a look at some of my photography. And maybe even like the page:

http://t.co/T7s0oSpo","http://cl.ly/1q0w1L2g3a3m3N3Y3Z2i"
"125277968124743681","","188844665","","","2011-10-15 18:32:49 +0000","<a href=""http://itunes.apple.com/us/app/twitter/id409789998?mt=12"" rel=""nofollow"">Twitter for Mac</a>","@Fab  - placed an order on Sept 19, anticipated arrival says 10-15 days. 

Today is October 15."
"125222268325474304","125197738806751232","179454317","","","2011-10-15 14:51:29 +0000","<a href=""http://tapbots.com/tweetbot"" rel=""nofollow"">Tweetbot for iOS</a>","@programhacker92 this reminds me of all of United's premiere league trophies.

When was the last time arsenal won one? Oh yea..."
"125083154666110976","","","125055834148438016","225261033","2011-10-15 05:38:42 +0000","<a href=""http://tapbots.com/tweetbot"" rel=""nofollow"">Tweetbot for iOS</a>","RT @olaolusoga: Your playlists define you"
"125082956397154305","","","","","2011-10-15 05:37:55 +0000","<a href=""http://tapbots.com/tweetbot"" rel=""nofollow"">Tweetbot for iOS</a>","Siri voice command system ported from iPhone 4S to iPhone 4 / http://t.co/ITVeQpYq","http://cl.ly/2p3S260H3F2D1e2W3C1Y"
"124974751021150208","124974623879200768","19819298","","","2011-10-14 22:27:57 +0000","<a href=""http://itunes.apple.com/us/app/twitter/id409789998?mt=12"" rel=""nofollow"">Twitter for Mac</a>","@DavidLevinPhoto ""Yea, we'll waive your upgrade fee alright. heh heh heh."" - AT&T"
"124974390470381568","124973718136041473","18479832","","","2011-10-14 22:26:31 +0000","<a href=""http://itunes.apple.com/us/app/twitter/id409789998?mt=12"" rel=""nofollow"">Twitter for Mac</a>","@alpesh_shah I figured that by the time I got home the sever strain would end. Then I realized it was At&t. Their server strain never ends."
"124971008351416320","","","","","2011-10-14 22:13:04 +0000","<a href=""http://itunes.apple.com/us/app/twitter/id409789998?mt=12"" rel=""nofollow"">Twitter for Mac</a>","lol @ATTCustomerCare - charge an activation fee & still make people wait 8 hours to activate their phone.

A+"
"124970787588411392","","","124932657812471808","156001879","2011-10-14 22:12:12 +0000","<a href=""http://itunes.apple.com/us/app/twitter/id409789998?mt=12"" rel=""nofollow"">Twitter for Mac</a>","RT @ATT_Fake_PR: NEED HELP: Anyone have a DOS 3.1 boot floppy (5 1/4"") to help us get the #iPhone4S activation server back up? xo #ATT"
"124907168540540929","","","124907148965711875","379970012","2011-10-14 17:59:24 +0000","<a href=""http://itunes.apple.com/us/app/twitter/id409789998?mt=12"" rel=""nofollow"">Twitter for Mac</a>","RT @AileenAtkins: Don't forget to ""Like"" us on facebook! We'd really appreciate it.

http://t.co/RM3kbBFY","http://www.facebook.com/manikratheephotography"
"124906992132304897","","","124906475935105024","10545","2011-10-14 17:58:42 +0000","<a href=""http://itunes.apple.com/us/app/twitter/id409789998?mt=12"" rel=""nofollow"">Twitter for Mac</a>","RT @flyosity: I think the iPhone 4S loads pages over wifi nearly as quickly as my Core2Duo iMac does."
"124904902718795777","","","124896237341249536","19738648","2011-10-14 17:50:24 +0000","<a href=""http://itunes.apple.com/us/app/twitter/id409789998?mt=12"" rel=""nofollow"">Twitter for Mac</a>","RT @teehanlax: Our Friday gift to you -- iOS 5 GUI PSD is available for download. Go make stuff. http://t.co/e1UU48qI","http://www.teehanlax.com/downloads/ios-5-gui-psd-iphone-4s/"
"124842600552337409","","","124840784611643392","755859","2011-10-14 13:42:50 +0000","<a href=""http://itunes.apple.com/us/app/twitter/id409789998?mt=12"" rel=""nofollow"">Twitter for Mac</a>","RT @mattgemmell: If you don't like what Siri calls you, change it! ""Siri, call me Matt"". It'll confirm, then use the new name in future."
"124841637854720000","124840785681186817","10545","","","2011-10-14 13:39:00 +0000","<a href=""http://itunes.apple.com/us/app/twitter/id409789998?mt=12"" rel=""nofollow"">Twitter for Mac</a>","@flyosity At the regular subsidized upgrade cost?"
"124355502133084160","","","","","2011-10-13 05:27:16 +0000","<a href=""http://twitter.com/download/iphone"" rel=""nofollow"">Twitter for iPhone</a>","Absolutely loving the iOS 5 split keyboard on the iPad. Will definitely increase my usage tenfold."
"124355334188961792","124330041466294272","316593731","","","2011-10-13 05:26:36 +0000","<a href=""http://twitter.com/download/iphone"" rel=""nofollow"">Twitter for iPhone</a>","@KeyKoncepts not to worry - it speeds up. Just installed and restarting over here"
"124355188155883520","","","124352658189463553","972651","2011-10-13 05:26:01 +0000","<a href=""http://twitter.com/download/iphone"" rel=""nofollow"">Twitter for iPhone</a>","RT @mashable: What's the best phone? Siri: ""Wait ? there are other phones?"" The best comebacks from the #iPhone4S - http://t.co/nFujpFay","http://on.mash.to/qW01q1"
"124324374605078528","","","","","2011-10-13 03:23:35 +0000","<a href=""http://twitter.com/#!/download/ipad"" rel=""nofollow"">Twitter for iPad</a>","5 hours to go to finish downloading the osx update so I can activate iCloud.

Painfully slow."
"124312596064124928","","","","","2011-10-13 02:36:47 +0000","<a href=""http://twitter.com/#!/download/ipad"" rel=""nofollow"">Twitter for iPad</a>","?@fstoppers: Nikon And Canon Each Set To Release A New Pro Camera This Month http://t.co/PDlijaGv?","http://fstoppers.com/?p=14618"
"124258308965138432","","","124251941214765056","28961865","2011-10-12 23:01:04 +0000","<a href=""http://itunes.apple.com/us/app/twitter/id409789998?mt=12"" rel=""nofollow"">Twitter for Mac</a>","RT @markkawano: We've updated the iOS HIG. Now includes iCloud guidelines and other iOS 5 goodies: http://t.co/NQIExcAy","http://developer.apple.com/library/ios/documentation/UserExperience/Conceptual/MobileHIG/"
"124197856696483841","","","","","2011-10-12 19:00:51 +0000","<a href=""http://itunes.apple.com/us/app/twitter/id409789998?mt=12"" rel=""nofollow"">Twitter for Mac</a>","Any rockstar front-end developers out there looking for a job? Our team at @revsystems is looking to fill a spot:  

http://t.co/4ZJeBWQq","http://goo.gl/VDsxG"
"124173663443484672","","","","","2011-10-12 17:24:43 +0000","<a href=""http://itunes.apple.com/us/app/twitter/id409789998?mt=12"" rel=""nofollow"">Twitter for Mac</a>","iOS 5 Now Available for Download - http://t.co/Eesj0xTb - via mashable","http://on.mash.to/o1Gtzp"
"124145895620100097","","","124143468363784192","14176588","2011-10-12 15:34:22 +0000","<a href=""http://itunes.apple.com/us/app/twitter/id409789998?mt=12"" rel=""nofollow"">Twitter for Mac</a>","RT @nickla: Nice! prefixfree.js - no more writing prefix for css3 (via @smashingmag). http://t.co/4R8Py6Fz","http://leaverou.github.com/prefixfree"
"123940798537531392","123922650245513217","255774909","","","2011-10-12 01:59:23 +0000","<a href=""http://twitter.com/#!/download/ipad"" rel=""nofollow"">Twitter for iPad</a>","@MrGube any time"
"123912404500357120","","","","","2011-10-12 00:06:34 +0000","<a href=""http://itunes.apple.com/us/app/twitter/id409789998?mt=12"" rel=""nofollow"">Twitter for Mac</a>","Why is updating @adobe Creative Suite a full day ordeal? 5 hour download, 10 mins to unpack, now uninstall is estimated at 2 hours."
"123907791986491392","123898582821650433","255774909","","","2011-10-11 23:48:14 +0000","<a href=""http://itunes.apple.com/us/app/twitter/id409789998?mt=12"" rel=""nofollow"">Twitter for Mac</a>","@MrGube No sir, alpin gothic no3"
"123882987564695552","","","","","2011-10-11 22:09:40 +0000","<a href=""http://itunes.apple.com/us/app/twitter/id409789998?mt=12"" rel=""nofollow"">Twitter for Mac</a>","New shot on @dribbble / type experiment: http://t.co/dPRbmxYj","http://dribbble.com/shots/290576-Postcard-Type-Block"
"123862025272176640","","","","","2011-10-11 20:46:22 +0000","<a href=""http://itunes.apple.com/us/app/twitter/id409789998?mt=12"" rel=""nofollow"">Twitter for Mac</a>","Get Dropbox Pro FREE FOR LIFE - giveaway by AppSumo

http://t.co/Yo0QLrrV","http://appsumo.com/~1J9q"
"123850825574514689","123850576822943745","183083200","","","2011-10-11 20:01:52 +0000","<a href=""http://itunes.apple.com/us/app/twitter/id409789998?mt=12"" rel=""nofollow"">Twitter for Mac</a>","@thatguytweeted precisely"
"123847649475559424","123847493967556608","183083200","","","2011-10-11 19:49:15 +0000","<a href=""http://itunes.apple.com/us/app/twitter/id409789998?mt=12"" rel=""nofollow"">Twitter for Mac</a>","@thatguytweeted Good thing you aren't in my phone. I would be thoroughly disappointed by your american..ism..s."
"123846647934496768","","","","","2011-10-11 19:45:16 +0000","<a href=""http://itunes.apple.com/us/app/twitter/id409789998?mt=12"" rel=""nofollow"">Twitter for Mac</a>","Siri can respond based on your accent: http://t.co/cqcfK4zy","http://www.cultofmac.com/122563/siri-caught-on-video-will-tell-you-the-distance-to-the-moon-in-a-british-accent/?utm_campaign=twitter&utm_medium=twitter&utm_source=twitter"
"123844906497216512","","","","","2011-10-11 19:38:21 +0000","<a href=""http://itunes.apple.com/us/app/twitter/id409789998?mt=12"" rel=""nofollow"">Twitter for Mac</a>","Everything You Want to Know About Megapixels, Megabytes, and DPI  http://t.co/AmzJvaNn - via Canon_Camera","http://soc.li/gaH2zXP"
"123789153065373696","123788860630110208","19741430","","","2011-10-11 15:56:48 +0000","<a href=""http://itunes.apple.com/us/app/twitter/id409789998?mt=12"" rel=""nofollow"">Twitter for Mac</a>","@Chelsey_Homan your css will override it

a{text-decoration:none; color:#hex}
a:hover, a:active, etc"
"123788104099303425","123787934284521474","19741430","","","2011-10-11 15:52:38 +0000","<a href=""http://itunes.apple.com/us/app/twitter/id409789998?mt=12"" rel=""nofollow"">Twitter for Mac</a>","@Chelsey_Homan What do you mean, on a web address?"
"123787585326825472","123786852120535041","19741430","","","2011-10-11 15:50:34 +0000","<a href=""http://itunes.apple.com/us/app/twitter/id409789998?mt=12"" rel=""nofollow"">Twitter for Mac</a>","@Chelsey_Homan As long as it isn't a web app, this should work: &lt;meta name=""format-detection"" content=""telephone=no""&gt;"
"123730684849303553","123725379818098688","255774909","","","2011-10-11 12:04:28 +0000","<a href=""http://tapbots.com/tweetbot"" rel=""nofollow"">Tweetbot for iOS</a>","@MrGube @flyosity @mikeindustries @ethank +1"
"123730067225456640","","","","","2011-10-11 12:02:01 +0000","<a href=""http://tapbots.com/tweetbot"" rel=""nofollow"">Tweetbot for iOS</a>","?@BBCTech: Facebook app 'riddled with bugs' http://t.co/ieTm6wRY?","http://cl.ly/0x1a0C28380N0r2J0T3O"
"123420363819454464","","","","","2011-10-10 15:31:22 +0000","<a href=""http://itunes.apple.com/us/app/twitter/id409789998?mt=12"" rel=""nofollow"">Twitter for Mac</a>","http://t.co/Aa2XfpzO ?@alpesh_shah: Netflix made a mistake. ... They reversed the bad decision. Clearly we should all mock them for this.?","http://www.gifflix.com/files/ba7041ef8f57.jpg"
"123403893068673025","","","123028357557399552","160817572","2011-10-10 14:25:55 +0000","<a href=""http://itunes.apple.com/us/app/twitter/id409789998?mt=12"" rel=""nofollow"">Twitter for Mac</a>","RT @Lord_Voldemort7: #ThingsPeopleShouldNotDo: Talk."
"123209391821426689","","","121433738801451008","16662889","2011-10-10 01:33:02 +0000","<a href=""http://itunes.apple.com/us/app/twitter/id409789998?mt=12"" rel=""nofollow"">Twitter for Mac</a>","RT @modmyi: Siri Port to Older Devices In Process via Jailbreak Hackers http://t.co/ec4BdGNg","http://bit.ly/qthROb"
"122707068904947712","","","","","2011-10-08 16:16:59 +0000","<a href=""http://tapbots.com/tweetbot"" rel=""nofollow"">Tweetbot for iOS</a>","Nice relaxing Saturday morning / Just posted a photo  @ Grid Iron Waffle Shop - http://t.co/dthLgvAO","http://cl.ly/1Q151i2N1z3h2R142O2f"
"122674760818761728","","","122672648462401536","15736190","2011-10-08 14:08:36 +0000","<a href=""http://tapbots.com/tweetbot"" rel=""nofollow"">Tweetbot for iOS</a>","RT @smashingmag: Such a great idea: HTML5 Whiteboard Magnets by @cameronmoll (incl. free .AI) - http://t.co/AdqJYXaF","http://bit.ly/oidLIu"
"122420147003736064","","","","","2011-10-07 21:16:52 +0000","<a href=""http://tapbots.com/tweetbot"" rel=""nofollow"">Tweetbot for iOS</a>","What a waste of a day. So utterly disappointing."
"122395681339092992","122395376463515648","198519537","","","2011-10-07 19:39:39 +0000","<a href=""http://tapbots.com/tweetbot"" rel=""nofollow"">Tweetbot for iOS</a>","@ComcastWill funny, because they claim with complete certainty to know whether one would be in my area in the coming days."
"122392652556668928","122390023470456832","19741430","","","2011-10-07 19:27:36 +0000","<a href=""http://tapbots.com/tweetbot"" rel=""nofollow"">Tweetbot for iOS</a>","@Chelsey_Homan with the amount I know about my devices, you think I never looked into competitors? That is what led me to apple. How silly"
"122392077161074688","122390169067323392","209728173","","","2011-10-07 19:25:19 +0000","<a href=""http://tapbots.com/tweetbot"" rel=""nofollow"">Tweetbot for iOS</a>","@fayebernoulli last time it took 8 months and 18 calls to get a DVR Charge off of my bill. For a DVR I didn't even order or receive!!"
"122389415262830592","122386366473584640","198519537","","","2011-10-07 19:14:45 +0000","<a href=""http://tapbots.com/tweetbot"" rel=""nofollow"">Tweetbot for iOS</a>","@ComcastWill WOW - I'm told 3 times that no reps will be in my area this week - I go downstairs and a tech pulls up for the building across."
"122388284587520000","122386366473584640","198519537","","","2011-10-07 19:10:15 +0000","<a href=""http://tapbots.com/tweetbot"" rel=""nofollow"">Tweetbot for iOS</a>","@ComcastWill same thing as usual - 9 calls into customer service = 9 more times your reps have blatantly lied to another customer."
"122379780841676800","122373790155022336","19741430","","","2011-10-07 18:36:28 +0000","<a href=""http://tapbots.com/tweetbot"" rel=""nofollow"">Tweetbot for iOS</a>","@Chelsey_Homan man, I was pc until my second year at Kean. I was even a linux user.

I know my stuff - I'm not just a blind apple fan."
"122379546505920512","","","","","2011-10-07 18:35:32 +0000","<a href=""http://tapbots.com/tweetbot"" rel=""nofollow"">Tweetbot for iOS</a>","Wow. @Comcast has the WORST customer service of any company I have ever seen. Absolutely unbelievable."
"122361532687450112","","","","","2011-10-07 17:23:57 +0000","<a href=""http://tapbots.com/tweetbot"" rel=""nofollow"">Tweetbot for iOS</a>","When did it become ok for service techs to skip their ridiculous 5 hour windows and not even notify the customer? What a waste of a day."
"122333843746324480","122333261920866304","19741430","","","2011-10-07 15:33:55 +0000","<a href=""http://tapbots.com/tweetbot"" rel=""nofollow"">Tweetbot for iOS</a>","@Chelsey_Homan ahhhhh brings back memories. I coded for like 4 years in notepad."
"122331654495813632","122327194860130304","19741430","","","2011-10-07 15:25:13 +0000","<a href=""http://tapbots.com/tweetbot"" rel=""nofollow"">Tweetbot for iOS</a>","@Chelsey_Homan a notebook or an app named notebook?"
"122316877119750144","122316315405975552","18479832","","","2011-10-07 14:26:30 +0000","<a href=""http://tapbots.com/tweetbot"" rel=""nofollow"">Tweetbot for iOS</a>","@alpesh_shah also, I think it is customary for the floors in all apple stores to turn to lava around releases."
"122316747352182784","122316315405975552","18479832","","","2011-10-07 14:25:59 +0000","<a href=""http://tapbots.com/tweetbot"" rel=""nofollow"">Tweetbot for iOS</a>","@alpesh_shah apple site - I just did mine mins ago bc I couldn't get through to the site last night via tethering on my phone."
"122313235104923648","","18479832","","","2011-10-07 14:12:02 +0000","<a href=""http://tapbots.com/tweetbot"" rel=""nofollow"">Tweetbot for iOS</a>","@alpesh_shah order via apple store and you can keep unlimited. AT&T is screwing people over"
"122313066305159168","","18479832","","","2011-10-07 14:11:22 +0000","<a href=""http://tapbots.com/tweetbot"" rel=""nofollow"">Tweetbot for iOS</a>","@alpesh_shah don't use Att site!!!!"
"122229993588801537","122229759768920066","13811562","","","2011-10-07 08:41:16 +0000","<a href=""http://itunes.apple.com/us/app/twitter/id409789998?mt=12"" rel=""nofollow"">Twitter for Mac</a>","@sazzy Photo set to private: http://t.co/mRrM67w5","http://cl.ly/2P2p3612203x0k2P3m2A"
"122213915349360641","","","","","2011-10-07 07:37:22 +0000","<a href=""http://itunes.apple.com/us/app/twitter/id409789998?mt=12"" rel=""nofollow"">Twitter for Mac</a>","Seeing these rediculous ""OMG I CANT ORDER THE IPHONE YET?!!!"" tweets make me wonder if any of us really have a good perspective on life."
"122190912439848960","122187178649456640","58916964","","","2011-10-07 06:05:58 +0000","<a href=""http://itunes.apple.com/us/app/twitter/id409789998?mt=12"" rel=""nofollow"">Twitter for Mac</a>","@JosephPAlbanese Were you already eligible?"
"122188213577187328","122187178649456640","58916964","","","2011-10-07 05:55:14 +0000","<a href=""http://itunes.apple.com/us/app/twitter/id409789998?mt=12"" rel=""nofollow"">Twitter for Mac</a>","@JosephPAlbanese What did you say to get it? I was on the phone talking to 4 reps and didnt get any offer"
"122028097452244992","","","122027934402875392","5905672","2011-10-06 19:19:00 +0000","<a href=""http://itunes.apple.com/us/app/twitter/id409789998?mt=12"" rel=""nofollow"">Twitter for Mac</a>","RT @danbenjamin: There is a 2 iPhone 4S limit per customer."
"122001095429079041","121999065868271616","255774909","","","2011-10-06 17:31:42 +0000","<a href=""http://itunes.apple.com/us/app/twitter/id409789998?mt=12"" rel=""nofollow"">Twitter for Mac</a>","@MrGube i do now. :)"
"121986768382869505","","","","","2011-10-06 16:34:46 +0000","<a href=""http://itunes.apple.com/us/app/twitter/id409789998?mt=12"" rel=""nofollow"">Twitter for Mac</a>","Do you like ""Manik Rathee Photography"" on facebook?

We have tons of pictures up there in our galleries. Take a look!

http://t.co/IwITosFX","https://www.facebook.com/manikratheephotography"
"121986498152247297","","","","","2011-10-06 16:33:42 +0000","<a href=""http://itunes.apple.com/us/app/twitter/id409789998?mt=12"" rel=""nofollow"">Twitter for Mac</a>","The New Apple iPhone 4S 1080p Test Video Is Incredible / http://t.co/6vbDfLIL","http://fstoppers.com/the-new-apple-iphone-4s-1080p-test-video-is-incredible"
"121980404092768256","121977814663692288","225261033","","","2011-10-06 16:09:29 +0000","<a href=""http://itunes.apple.com/us/app/twitter/id409789998?mt=12"" rel=""nofollow"">Twitter for Mac</a>","@olaolusoga Agreed - it is gorgeous. And the h5 HD streaming video is phenomenal as well."
"121971756280975360","121971688740102144","13811562","","","2011-10-06 15:35:07 +0000","<a href=""http://itunes.apple.com/us/app/twitter/id409789998?mt=12"" rel=""nofollow"">Twitter for Mac</a>","@sazzy Exciting - looking forward to it."
"121971108948873216","121970535373615104","13811562","","","2011-10-06 15:32:33 +0000","<a href=""http://itunes.apple.com/us/app/twitter/id409789998?mt=12"" rel=""nofollow"">Twitter for Mac</a>","@sazzy Are you going all out: recordings available for us on east coast of the US, itunes subscriptions, guest speakers, etc?"
"121967868484136960","","","","","2011-10-06 15:19:40 +0000","<a href=""http://itunes.apple.com/us/app/twitter/id409789998?mt=12"" rel=""nofollow"">Twitter for Mac</a>","?@beep: This is good. http://t.co/VsdLegJh?  Nice to actually listen live while working.","http://www.whitehouse.gov/live"
"121966958789935104","","","121960495690420224","16240267","2011-10-06 15:16:03 +0000","<a href=""http://itunes.apple.com/us/app/twitter/id409789998?mt=12"" rel=""nofollow"">Twitter for Mac</a>","RT @instapaper: The revenue from today's sales will be donated to the Pancreatic Cancer Action Network in memory of Steve Jobs: http://t ..."
"121951324077170689","","","121931338172469249","370821546","2011-10-06 14:13:56 +0000","<a href=""http://itunes.apple.com/us/app/twitter/id409789998?mt=12"" rel=""nofollow"">Twitter for Mac</a>","RT @ratheea: The best way to make your dreams come true is to wake up."
"121948953980846080","","","","","2011-10-06 14:04:30 +0000","<a href=""http://itunes.apple.com/us/app/twitter/id409789998?mt=12"" rel=""nofollow"">Twitter for Mac</a>","Universe dented, grass underfoot.

http://t.co/NyQWcGx9","http://daringfireball.net/2011/10/universe_dented_grass_underfoot"
"121753353851109376","","","121745857476444161","50393960","2011-10-06 01:07:16 +0000","<a href=""http://itunes.apple.com/us/app/twitter/id409789998?mt=12"" rel=""nofollow"">Twitter for Mac</a>","RT @BillGates: Melinda and I extend our sincere condolences to Steve Jobs? family & friends. The world rarely sees someone who made such ..."
"121744384298467328","","","121733582602510337","9218762","2011-10-06 00:31:37 +0000","<a href=""http://itunes.apple.com/us/app/twitter/id409789998?mt=12"" rel=""nofollow"">Twitter for Mac</a>","RT @grandmofhelsing: Countless people are learning Steve Jobs died on devices that would not exist without his vision. That's a legacy."
"121743629428600832","","","","","2011-10-06 00:28:37 +0000","<a href=""http://itunes.apple.com/us/app/twitter/id409789998?mt=12"" rel=""nofollow"">Twitter for Mac</a>","""Apple has lost a visionary and creative genius, and the world has lost an amazing human being."" / http://t.co/CAB25A3y","http://www.apple.com/stevejobs/"
"121742755968974848","","","","","2011-10-06 00:25:09 +0000","<a href=""http://itunes.apple.com/us/app/twitter/id409789998?mt=12"" rel=""nofollow"">Twitter for Mac</a>","?@copyblogger: Pure class - http://t.co/utIW8Hbu?","http://www.apple.com/"
"121742638838849536","","","121733859510452224","611823","2011-10-06 00:24:41 +0000","<a href=""http://itunes.apple.com/us/app/twitter/id409789998?mt=12"" rel=""nofollow"">Twitter for Mac</a>","RT @Macworld: Remembering Steve Jobs: The man who saved Apple.

http://t.co/cHncLSue","http://macw.us/rs4dWP"
"121742603313086465","","","121739405881913344","18479832","2011-10-06 00:24:33 +0000","<a href=""http://itunes.apple.com/us/app/twitter/id409789998?mt=12"" rel=""nofollow"">Twitter for Mac</a>","RT @alpesh_shah: Amazed by how sad I am now. Someone few of us even met, yet so many of us felt like we met him through his vision."
"121742487902617602","","","","","2011-10-06 00:24:05 +0000","<a href=""http://itunes.apple.com/us/app/twitter/id409789998?mt=12"" rel=""nofollow"">Twitter for Mac</a>","So sad to hear about Steve Jobs - the man was a true visionary. Changed the lives of thousands of people.

?"
"121689645380665344","121688969032376321","225261033","","","2011-10-05 20:54:07 +0000","<a href=""http://itunes.apple.com/us/app/twitter/id409789998?mt=12"" rel=""nofollow"">Twitter for Mac</a>","@F_i @olaolusoga Why would it? No UI changes, no resolution changes. Processing power can let games do more, but what else could it change?"
"121679385114853376","","","121672950842802176","21271500","2011-10-05 20:13:20 +0000","<a href=""http://itunes.apple.com/us/app/twitter/id409789998?mt=12"" rel=""nofollow"">Twitter for Mac</a>","RT @advertisingweek: ""Social media is not a channel, it's an operating system"" @Bwiener @360i on channel attribution #aw8 ^cb"
"121654442381688832","121654043620802560","225261033","","","2011-10-05 18:34:13 +0000","<a href=""http://itunes.apple.com/us/app/twitter/id409789998?mt=12"" rel=""nofollow"">Twitter for Mac</a>","@olaolusoga @neiladelantar http://t.co/llqwR7yt","http://crowwwsnest.com/"
"121654352095084544","121654159131942912","225261033","","","2011-10-05 18:33:52 +0000","<a href=""http://itunes.apple.com/us/app/twitter/id409789998?mt=12"" rel=""nofollow"">Twitter for Mac</a>","@olaolusoga @neiladelantar i use fipboard for random stuff + mac related. Reeder is my real content aggregator. plus sync b/w mac and mobile"
"121649935761412096","121649382360756224","18479832","","","2011-10-05 18:16:19 +0000","<a href=""http://itunes.apple.com/us/app/twitter/id409789998?mt=12"" rel=""nofollow"">Twitter for Mac</a>","@alpesh_shah I LOVE SNIPPETS."
"121649348978290689","121643278960566272","225261033","","","2011-10-05 18:13:59 +0000","<a href=""http://itunes.apple.com/us/app/twitter/id409789998?mt=12"" rel=""nofollow"">Twitter for Mac</a>","@olaolusoga @neiladelantar crowsnest, dribbble, g+

Most other things are notifications via twitter (like ALA) or reeder feeds."
"121621104711307264","121620898888421376","14176588","","","2011-10-05 16:21:45 +0000","<a href=""http://itunes.apple.com/us/app/twitter/id409789998?mt=12"" rel=""nofollow"">Twitter for Mac</a>","@nickla I've been getting that on my mac mini for the last 2-3 weeks. Can't figure out why  - just running Boxee server on it as a HTPC"
"121601489612439552","","","","","2011-10-05 15:03:49 +0000","<a href=""http://itunes.apple.com/us/app/twitter/id409789998?mt=12"" rel=""nofollow"">Twitter for Mac</a>","Giveaway: Get Dropbox Pro for free FOR LIFE:

http://t.co/SbIjZIQ5","http://appsumo.com/~sRLl"
"121597408726626304","","","","","2011-10-05 14:47:36 +0000","<a href=""http://itunes.apple.com/us/app/twitter/id409789998?mt=12"" rel=""nofollow"">Twitter for Mac</a>","?@nickla: Mind blowing html5/css3 clock: http://t.co/LyceBEil?","http://aprilzero.com"
"121596125009555456","121595321661923328","13811562","","","2011-10-05 14:42:30 +0000","<a href=""http://itunes.apple.com/us/app/twitter/id409789998?mt=12"" rel=""nofollow"">Twitter for Mac</a>","@sazzy That sounds great - 1 listener ready to sign up"
"121434800711151618","","","","","2011-10-05 04:01:27 +0000","<a href=""http://twitter.com/#!/download/ipad"" rel=""nofollow"">Twitter for iPad</a>","Just jumped from writing a contract to reading a magazine, to reading an post in flipboard, to scheduling a photoshoot - all with an iPad."
"121352187006828544","","89587925","","","2011-10-04 22:33:10 +0000","<a href=""http://tapbots.com/tweetbot"" rel=""nofollow"">Tweetbot for iOS</a>","@Comcast is there an outage in Montclair? I can't connect to my wifi even after restart."
"121351524113842176","121339084420562944","255774909","","","2011-10-04 22:30:32 +0000","<a href=""http://tapbots.com/tweetbot"" rel=""nofollow"">Tweetbot for iOS</a>","@MrGube just realized I replied to the tweet that you sent to my other account"
"121318523254476800","121317871430279168","376901024","","","2011-10-04 20:19:24 +0000","<a href=""http://itunes.apple.com/us/app/twitter/id409789998?mt=12"" rel=""nofollow"">Twitter for Mac</a>","@krrabbypattty @LusaBand Almost every month has 2-3sets of 5 repetitions.

So every month has something that happens every ~800 years."
"121314769356599296","","","","","2011-10-04 20:04:29 +0000","<a href=""http://itunes.apple.com/us/app/twitter/id409789998?mt=12"" rel=""nofollow"">Twitter for Mac</a>","With Siri+ios5+Reminders, I may be ditching @rememberthemilk"
"121312446827859968","","","","","2011-10-04 19:55:15 +0000","<a href=""http://itunes.apple.com/us/app/twitter/id409789998?mt=12"" rel=""nofollow"">Twitter for Mac</a>","Will be very interesting to see how iCloud melds with Jailbroken phones.

Could potentially see the end of #Catalyst."
"121309723877318657","121307984482672640","255774909","","","2011-10-04 19:44:26 +0000","<a href=""http://itunes.apple.com/us/app/twitter/id409789998?mt=12"" rel=""nofollow"">Twitter for Mac</a>","@MrGube I'm Jobs' long lost son."
"121306122794708992","","","121305758817189888","255774909","2011-10-04 19:30:08 +0000","<a href=""http://itunes.apple.com/us/app/twitter/id409789998?mt=12"" rel=""nofollow"">Twitter for Mac</a>","RT @MrGube: Really Apple? You couldn't have done those iPhone cutouts better? Half ass new phone, half ass images. http://t.co/TZI5J63M","http://twitter.com/MrGube/status/121305758817189888/photo/1"
"121305437780983808","","","","","2011-10-04 19:27:24 +0000","<a href=""http://itunes.apple.com/us/app/twitter/id409789998?mt=12"" rel=""nofollow"">Twitter for Mac</a>","Officially found something even MORE annoying than auto-direct messaging a new follower: http://t.co/3nt0ZW1k

#unfollowed #immediately","http://cl.ly/3R2P2E2L2B1g2S243C05"
"121302440032223232","121302349196165120","377429537","","","2011-10-04 19:15:30 +0000","<a href=""http://itunes.apple.com/us/app/twitter/id409789998?mt=12"" rel=""nofollow"">Twitter for Mac</a>","@taraterror25 give it a while. everyone is headed there haha."
"121301286233706496","121301085502701569","370821546","","","2011-10-04 19:10:54 +0000","<a href=""http://itunes.apple.com/us/app/twitter/id409789998?mt=12"" rel=""nofollow"">Twitter for Mac</a>","@ratheea Of course. I'm selling my unlocked iphone 4 at ~350 and making a profit on upgrading."
"121300867499573248","","","","","2011-10-04 19:09:15 +0000","<a href=""http://itunes.apple.com/us/app/twitter/id409789998?mt=12"" rel=""nofollow"">Twitter for Mac</a>","Seriously, Siri gives me chills.

http://t.co/GurQ5wRg","http://www.apple.com/iphone/#video-4s"
"121300272986341376","121298041494974465","377429537","","","2011-10-04 19:06:53 +0000","<a href=""http://itunes.apple.com/us/app/twitter/id409789998?mt=12"" rel=""nofollow"">Twitter for Mac</a>","@taraterror25 @JenN_Miranda http://t.co/GurQ5wRg","http://www.apple.com/iphone/#video-4s"
"121297811861016576","121297652443918337","377429537","","","2011-10-04 18:57:06 +0000","<a href=""http://itunes.apple.com/us/app/twitter/id409789998?mt=12"" rel=""nofollow"">Twitter for Mac</a>","@taraterror25 Wait for apple's site to get back up. The coolest new thing is ""siri"" - check that out whenever they post videos."
"121297040469790720","121296855878471680","377429537","","","2011-10-04 18:54:02 +0000","<a href=""http://itunes.apple.com/us/app/twitter/id409789998?mt=12"" rel=""nofollow"">Twitter for Mac</a>","@taraterror25 They had one and there is a new one. Nothing amazing for most people though."
"121296638412210177","","","","","2011-10-04 18:52:26 +0000","<a href=""http://itunes.apple.com/us/app/twitter/id409789998?mt=12"" rel=""nofollow"">Twitter for Mac</a>","Honestly, I'm not disappointed by this keynote. Great new camera, Siri (seriously? AWESOME) and a bit faster.

It's just like 3g to 3gs."
"121295907441487872","","","","","2011-10-04 18:49:32 +0000","<a href=""http://itunes.apple.com/us/app/twitter/id409789998?mt=12"" rel=""nofollow"">Twitter for Mac</a>","Apple.com just denied everyone. for everything.

 http://t.co/QyzbHAr4","http://img.ly/9505"
"121294608062885889","","","121294520057991168","17023762","2011-10-04 18:44:22 +0000","<a href=""http://itunes.apple.com/us/app/twitter/id409789998?mt=12"" rel=""nofollow"">Twitter for Mac</a>","RT @RGA: Twitter should automatically append #firstworldproblems to every tweet this afternoon."
"121292136095285248","","","","","2011-10-04 18:34:33 +0000","<a href=""http://itunes.apple.com/us/app/twitter/id409789998?mt=12"" rel=""nofollow"">Twitter for Mac</a>","never have I wanted to hear the words ""One more thing"" more in my life."
"121287102288764928","121287024908050432","23344561","","","2011-10-04 18:14:33 +0000","<a href=""http://itunes.apple.com/us/app/twitter/id409789998?mt=12"" rel=""nofollow"">Twitter for Mac</a>","@AshleiJ yep, via rdio"
"121286947921604609","121286787955044352","23344561","","","2011-10-04 18:13:56 +0000","<a href=""http://itunes.apple.com/us/app/twitter/id409789998?mt=12"" rel=""nofollow"">Twitter for Mac</a>","@AshleiJ Literally all day - text, twitter, email, google+, instagram, etc etc"
"121286696619872257","121286552235147264","23344561","","","2011-10-04 18:12:56 +0000","<a href=""http://itunes.apple.com/us/app/twitter/id409789998?mt=12"" rel=""nofollow"">Twitter for Mac</a>","@AshleiJ My 4 already lasts a full day, if they're saying its boosted to an extra hour, then thats fine for me."
"121286265273450496","","","","","2011-10-04 18:11:13 +0000","<a href=""http://itunes.apple.com/us/app/twitter/id409789998?mt=12"" rel=""nofollow"">Twitter for Mac</a>","Wow - iPhone 4s shoots 1080p video with real-time IS.

That is pretty crazy for a phone."
"121282313983234048","","","121282250359840768","10545","2011-10-04 17:55:31 +0000","<a href=""http://itunes.apple.com/us/app/twitter/id409789998?mt=12"" rel=""nofollow"">Twitter for Mac</a>","RT @flyosity: Who are we all kidding, we'd buy a multi-touch toaster if Apple made one."
"121279518404116481","","","121279354784317440","14231571","2011-10-04 17:44:25 +0000","<a href=""http://itunes.apple.com/us/app/twitter/id409789998?mt=12"" rel=""nofollow"">Twitter for Mac</a>","RT @marcoarment: 2011 is the year of fake stitched leather."
"121279050374320128","","","","","2011-10-04 17:42:33 +0000","<a href=""http://itunes.apple.com/us/app/twitter/id409789998?mt=12"" rel=""nofollow"">Twitter for Mac</a>","New iphone will be out Oct 14. #prediction #apple"
"121256047104098307","","","121254486785265664","158414847","2011-10-04 16:11:09 +0000","<a href=""http://itunes.apple.com/us/app/twitter/id409789998?mt=12"" rel=""nofollow"">Twitter for Mac</a>","RT @TheDailyShow: #TDSBreakingNews iPhone 4 users one hour away from looking at their phones in shameful disgust."
"121242046903230464","","","","","2011-10-04 15:15:31 +0000","<a href=""http://itunes.apple.com/us/app/twitter/id409789998?mt=12"" rel=""nofollow"">Twitter for Mac</a>","Good to know that everyone's productivity will crash and burn at 1pm EST."
"121226680298774529","","","121226076499353600","2735591","2011-10-04 14:14:27 +0000","<a href=""http://itunes.apple.com/us/app/twitter/id409789998?mt=12"" rel=""nofollow"">Twitter for Mac</a>","RT @FastCompany: If you're not following @30SecMBA, you're missing out on beautiful daily inspiration and #leadership advice. #30SecMBA"
"121220235071205376","","","121218416156741632","12534","2011-10-04 13:48:50 +0000","<a href=""http://itunes.apple.com/us/app/twitter/id409789998?mt=12"" rel=""nofollow"">Twitter for Mac</a>","RT @beep: The latest @alistapart is a thing of beauty, with brilliance from @denisejacobs and @aworkinglibrary. Go go, read read: http:/ ..."
"121049121296621569","","","","","2011-10-04 02:28:54 +0000","<a href=""http://tapbots.com/tweetbot"" rel=""nofollow"">Tweetbot for iOS</a>","My camera-wielding arm took a bit of a beating today. http://t.co/6MUeHoHu http://t.co/VCoTyEKK","http://twitpic.com/6uu4es","http://twitpic.com/6uu4fq"
"120952815928610816","120950422214156288","60273","","","2011-10-03 20:06:13 +0000","web","@jasonsantamaria +1 million."
"120901255185973248","","","","","2011-10-03 16:41:20 +0000","<a href=""http://itunes.apple.com/us/app/twitter/id409789998?mt=12"" rel=""nofollow"">Twitter for Mac</a>","More fun stuff on the blog: slideshow and photos from Jaclyn and Donovan's wedding in Pt. Pleasant: 

http://t.co/GI7b3p6Y","http://www.manikratheephotography.com/2011/10/01/jaclyn-donovan/"
"120872604193144833","","93914681","","","2011-10-03 14:47:29 +0000","<a href=""http://itunes.apple.com/us/app/twitter/id409789998?mt=12"" rel=""nofollow"">Twitter for Mac</a>","@espressoapp Is there any way to make espresso treat .jsp files as HTML?  98% of the page is still HTML. Need syntax highlighting & complete"
"120859155836841984","","","120856390733537281","18479832","2011-10-03 13:54:02 +0000","<a href=""http://itunes.apple.com/us/app/twitter/id409789998?mt=12"" rel=""nofollow"">Twitter for Mac</a>","RT @alpesh_shah: The One More Thing tomorrow will be the Apple board doing the happy dance to celebrate Arrested Development getting a n ..."
"120015418713837569","","","","","2011-10-01 06:01:20 +0000","<a href=""http://itunes.apple.com/us/app/twitter/id409789998?mt=12"" rel=""nofollow"">Twitter for Mac</a>","""Jaclyn and Donovan Raftery, a Point Pleasant Wedding"" - photos & slideshow on the blog:

http://t.co/GI7b3p6Y","http://www.manikratheephotography.com/2011/10/01/jaclyn-donovan/"
